Workbook

Sheet Genre civil
A1: N sécurite sociale Directeur trice | B1: Sexe | C1: Année de naissance | D1: Genre Civil | E1: Année de naissance
A2: 1721093543456 | B2: =LEFT(A2,1) -> 1 | C2: =MID(A2,2,2) -> 72 | D2: =IF(B2="1","Homme","Femme") -> Homme | E2: =19&C2 -> 1972
A3: 1690891543678 | B3: =LEFT(A3,1) -> 1 | C3: =MID(A3,2,2) -> 69 | D3: =IF(B3="1","Homme","Femme") -> Homme | E3: =19&C3 -> 1969
A4: 1870767234345 | B4: =LEFT(A4,1) -> 1 | C4: =MID(A4,2,2) -> 87 | D4: =IF(B4="1","Homme","Femme") -> Homme | E4: =19&C4 -> 1987
A5: 2820667987654 | B5: =LEFT(A5,1) -> 2 | C5: =MID(A5,2,2) -> 82 | D5: =IF(B5="1","Homme","Femme") -> Femme | E5: =19&C5 -> 1982
A6: 2980326876789 | B6: =LEFT(A6,1) -> 2 | C6: =MID(A6,2,2) -> 98 | D6: =IF(B6="1","Homme","Femme") -> Femme | E6: =19&C6 -> 1998
A7: 1760894987321 | B7: =LEFT(A7,1) -> 1 | C7: =MID(A7,2,2) -> 76 | D7: =IF(B7="1","Homme","Femme") -> Homme | E7: =19&C7 -> 1976
A8: 2731140567876 | B8: =LEFT(A8,1) -> 2 | C8: =MID(A8,2,2) -> 73 | D8: =IF(B8="1","Homme","Femme") -> Femme | E8: =19&C8 -> 1973
A9: 2950121987654 | B9: =LEFT(A9,1) -> 2 | C9: =MID(A9,2,2) -> 95 | D9: =IF(B9="1","Homme","Femme") -> Femme | E9: =19&C9 -> 1995
A10: 1870459678987 | B10: =LEFT(A10,1) -> 1 | C10: =MID(A10,2,2) -> 87 | D10: =IF(B10="1","Homme","Femme") -> Homme | E10: =19&C10 -> 1987
A11: 1690791654789 | B11: =LEFT(A11,1) -> 1 | C11: =MID(A11,2,2) -> 69 | D11: =IF(B11="1","Homme","Femme") -> Homme | E11: =19&C11 -> 1969
A12: 1981059987654 | B12: =LEFT(A12,1) -> 1 | C12: =MID(A12,2,2) -> 98 | D12: =IF(B12="1","Homme","Femme") -> Homme | E12: =19&C12 -> 1998
A13: 2870462567457 | B13: =LEFT(A13,1) -> 2 | C13: =MID(A13,2,2) -> 87 | D13: =IF(B13="1","Homme","Femme") -> Femme | E13: =19&C13 -> 1987
... A53: 1700633543212 | B53: =LEFT(A53,1) -> 1 | C53: =MID(A53,2,2) -> 70 | D53: =IF(B53="1","Homme","Femme") -> Homme | E53: =19&C53 -> 1970

Sheet Homme_Femmes
A3: Année | B3: Homme | C3: Femme | E3: Année/5ans | F3: Homme | G3: Femme
A4: 1964 | B4: =COUNTIFS('Genre civil'!$D$2:$D$53,$B$3,'Genre civil'!$E$2:$E$53,A4) -> 1 | C4: =COUNTIFS('Genre civil'!$D$2:$D$53,$C$3,'Genre civil'!$E$2:$E$53,A4) -> 0 | E4: 1960-1965 | F4: =SUM(B4:B5) -> 1 | G4: =SUM(C4:C5) -> 1
A5: 1965 | B5: =COUNTIFS('Genre civil'!$D$2:$D$53,$B$3,'Genre civil'!$E$2:$E$53,A5) -> 0 | C5: =COUNTIFS('Genre civil'!$D$2:$D$53,$C$3,'Genre civil'!$E$2:$E$53,A5) -> 1 | E5: 1966-1971 | F5: =SUM(B6:B8) -> 6 | G5: =SUM(C6:C8) -> 1
A6: 1969 | B6: =COUNTIFS('Genre civil'!$D$2:$D$53,$B$3,'Genre civil'!$E$2:$E$53,A6) -> 2 | C6: =COUNTIFS('Genre civil'!$D$2:$D$53,$C$3,'Genre civil'!$E$2:$E$53,A6) -> 0 | E6: 1972-1977 | F6: =SUM(B9:B12) -> 6 | G6: =SUM(C9:C12) -> 4
A7: 1970 | B7: =COUNTIFS('Genre civil'!$D$2:$D$53,$B$3,'Genre civil'!$E$2:$E$53,A7) -> 2 | C7: =COUNTIFS('Genre civil'!$D$2:$D$53,$C$3,'Genre civil'!$E$2:$E$53,A7) -> 1 | E7: 1978-1983 | F7: =SUM(B13:B16) -> 3 | G7: =SUM(C13:C16) -> 5
A8: 1971 | B8: =COUNTIFS('Genre civil'!$D$2:$D$53,$B$3,'Genre civil'!$E$2:$E$53,A8) -> 2 | C8: =COUNTIFS('Genre civil'!$D$2:$D$53,$C$3,'Genre civil'!$E$2:$E$53,A8) -> 0 | E8: 1984-1989 | F8: =SUM(B17:B20) -> 4 | G8: =SUM(C17:C20) -> 4
A9: 1972 | B9: =COUNTIFS('Genre civil'!$D$2:$D$53,$B$3,'Genre civil'!$E$2:$E$53,A9) -> 2 | C9: =COUNTIFS('Genre civil'!$D$2:$D$53,$C$3,'Genre civil'!$E$2:$E$53,A9) -> 0 | E9: 1990-1995 | F9: =SUM(B21:B25) -> 5 | G9: =SUM(C21:C25) -> 5
A10: 1973 | B10: =COUNTIFS('Genre civil'!$D$2:$D$53,$B$3,'Genre civil'!$E$2:$E$53,A10) -> 0 | C10: =COUNTIFS('Genre civil'!$D$2:$D$53,$C$3,'Genre civil'!$E$2:$E$53,A10) -> 3 | E10: 1996-2001 | F10: =SUM(B26:B28) -> 3 | G10: =SUM(C26:C28) -> 4
A11: 1974 | B11: =COUNTIFS('Genre civil'!$D$2:$D$53,$B$3,'Genre civil'!$E$2:$E$53,A11) -> 0 | C11: =COUNTIFS('Genre civil'!$D$2:$D$53,$C$3,'Genre civil'!$E$2:$E$53,A11) -> 1 | E11: Total | F11: =SUM(F4:F10) -> 28 | G11: =SUM(G4:G10) -> 24
A12: 1976 | B12: =COUNTIFS('Genre civil'!$D$2:$D$53,$B$3,'Genre civil'!$E$2:$E$53,A12) -> 4 | C12: =COUNTIFS('Genre civil'!$D$2:$D$53,$C$3,'Genre civil'!$E$2:$E$53,A12) -> 0
A13: 1978 | B13: =COUNTIFS('Genre civil'!$D$2:$D$53,$B$3,'Genre civil'!$E$2:$E$53,A13) -> 0 | C13: =COUNTIFS('Genre civil'!$D$2:$D$53,$C$3,'Genre civil'!$E$2:$E$53,A13) -> 2
A14: 1980 | B14: =COUNTIFS('Genre civil'!$D$2:$D$53,$B$3,'Genre civil'!$E$2:$E$53,A14) -> 0 | C14: =COUNTIFS('Genre civil'!$D$2:$D$53,$C$3,'Genre civil'!$E$2:$E$53,A14) -> 1
A15: 1982 | B15: =COUNTIFS('Genre civil'!$D$2:$D$53,$B$3,'Genre civil'!$E$2:$E$53,A15) -> 1 | C15: =COUNTIFS('Genre civil'!$D$2:$D$53,$C$3,'Genre civil'!$E$2:$E$53,A15) -> 1
A16: 1983 | B16: =COUNTIFS('Genre civil'!$D$2:$D$53,$B$3,'Genre civil'!$E$2:$E$53,A16) -> 2 | C16: =COUNTIFS('Genre civil'!$D$2:$D$53,$C$3,'Genre civil'!$E$2:$E$53,A16) -> 1
A17: 1984 | B17: =COUNTIFS('Genre civil'!$D$2:$D$53,$B$3,'Genre civil'!$E$2:$E$53,A17) -> 0 | C17: =COUNTIFS('Genre civil'!$D$2:$D$53,$C$3,'Genre civil'!$E$2:$E$53,A17) -> 2
A18: 1985 | B18: =COUNTIFS('Genre civil'!$D$2:$D$53,$B$3,'Genre civil'!$E$2:$E$53,A18) -> 0 | C18: =COUNTIFS('Genre civil'!$D$2:$D$53,$C$3,'Genre civil'!$E$2:$E$53,A18) -> 1
A19: 1986 | B19: =COUNTIFS('Genre civil'!$D$2:$D$53,$B$3,'Genre civil'!$E$2:$E$53,A19) -> 1 | C19: =COUNTIFS('Genre civil'!$D$2:$D$53,$C$3,'Genre civil'!$E$2:$E$53,A19) -> 0
A20: 1987 | B20: =COUNTIFS('Genre civil'!$D$2:$D$53,$B$3,'Genre civil'!$E$2:$E$53,A20) -> 3 | C20: =COUNTIFS('Genre civil'!$D$2:$D$53,$C$3,'Genre civil'!$E$2:$E$53,A20) -> 1
A21: 1990 | B21: =COUNTIFS('Genre civil'!$D$2:$D$53,$B$3,'Genre civil'!$E$2:$E$53,A21) -> 2 | C21: =COUNTIFS('Genre civil'!$D$2:$D$53,$C$3,'Genre civil'!$E$2:$E$53,A21) -> 1
A22: 1991 | B22: =COUNTIFS('Genre civil'!$D$2:$D$53,$B$3,'Genre civil'!$E$2:$E$53,A22) -> 1 | C22: =COUNTIFS('Genre civil'!$D$2:$D$53,$C$3,'Genre civil'!$E$2:$E$53,A22) -> 0
A23: 1992 | B23: =COUNTIFS('Genre civil'!$D$2:$D$53,$B$3,'Genre civil'!$E$2:$E$53,A23) -> 0 | C23: =COUNTIFS('Genre civil'!$D$2:$D$53,$C$3,'Genre civil'!$E$2:$E$53,A23) -> 2
... A28: 1999 | B28: =COUNTIFS('Genre civil'!$D$2:$D$53,$B$3,'Genre civil'!$E$2:$E$53,A28) -> 2 | C28: =COUNTIFS('Genre civil'!$D$2:$D$53,$C$3,'Genre civil'!$E$2:$E$53,A28) -> 2
B30: Hommes | C30: Femmes
A31: Total | B31: =SUM(B4:B28) -> 28 | C31: =SUM(C4:C28) -> 24
